Driver,Avg_Speed,Max_Speed,Avg_Throttle,Brake_Pct,Avg_RPM,Brake_Zones,Brake_Time_Pct,Mean_Entry_Speed,Mean_Apex_Speed,Mean_Exit_Speed,Mean_Brake_Duration,Std_Brake_Duration,Mean_Peak_Decel,Max_Peak_Decel,Sector1_Ratio,Sector2_Ratio,Sector3_Ratio,Speed_Pct_10,Speed_Pct_20,Speed_Pct_30,Speed_Pct_40,Speed_Pct_50,Speed_Pct_60,Speed_Pct_70,Speed_Pct_80,Speed_Pct_90,Brake_First_Third,Brake_Mid_Third,Brake_Last_Third
ALB,-0.103501174612459,0.1771818764799804,-0.42882724631867936,0.7019667499396803,-0.548098265497927,-0.16731916239804412,0.15473907749148677,-0.0774553916705568,-0.207996561401967,-0.194619539962943,0.28572393976753235,0.3518707833884698,-0.332308786014937,0.0,0.06516450268996687,-0.0873275001756529,0.3923638151287732,0.1734079809277498,-0.0928456349519029,0.15178716320397348,-0.1768209830408405,-0.01985655272363292,-0.22773435258540822,0.043680558277507366,-0.432588611711419,-0.313320386205143,0.3996405107332078,0.4230423187532178,0.5431274382899169
ALO,-0.07265721270750229,-0.14495491954366357,-0.39030123123712884,-0.10667082198633453,0.6253472787034119,0.13306755593092398,0.31477023148852984,0.06918706968536448,0.12578565551179402,0.12264189260354637,0.05884998382780197,0.14510770266368647,0.11451495484211578,0.0,-0.15683828892275406,0.01337190544507831,0.1703181445926678,0.12721564150662804,0.01154625228643178,-0.024303396762770418,-0.48993802789720803,-0.1062983263987291,0.05008240838511734,-0.0033312414415326377,-0.2615210545625463,0.003679428815384564,-0.027626676815901963,0.2490618865952109,-0.31886519864520546
ANT,-0.17817333512211822,0.22273283559801227,0.1909653175683392,-0.26210819536774915,1.6468792513659105,0.09749620695558014,-0.33677739240726917,-0.12799432107680078,0.3736535851049352,0.38689136214662606,-0.3579654639142949,0.1697381949293273,0.0664064178812617,0.0,-0.046363692260994085,0.08828969289966769,-0.2914360050213056,-0.35726988014599415,0.20307182723978012,0.029928779527799116,0.051368953849248195,0.09631238422457904,-0.09066213402247147,0.040704134343437365,0.36084932678692144,-0.0834639489193481,-0.18760494258149976,-0.28421677769325104,-0.07241875310809827
BEA,-0.23018795987887575,-0.6520558861197435,-0.023978589065312562,0.9744533126327136,0.061148878268457205,-0.03826380894160308,0.2710361202756831,0.23383581845646387,0.03345542462442294,0.028943294340948854,0.2319912992198881,-0.4244843211037047,-0.12495499601069424,0.0,-0.3032958612581092,-0.3667045835146003,0.09683673253070525,0.24519581197287382,-0.3809069234950778,0.029631339229075532,-0.21295991976490586,-0.13525836252659265,0.2734324296330546,-0.25720250260769145,-0.320626584262459,-0.08491310629225077,0.5101637106189185,0.49051566921891876,0.7328591286233821
BOR,-0.19175400909470497,0.2520964956980283,-0.19457168916652318,0.28517451633760316,0.12860082509295942,-0.3351792693633125,0.17934438524042423,0.07011896635451169,-0.556667132683057,-0.5621422536439686,0.5411759993592711,-0.14763326886551423,-0.45982361890635226,0.0,0.2565894784448557,-0.04335804450293739,0.2680870918369866,-0.22914347194654586,-0.347532470839656,-0.08518313755017722,-0.2122250122418199,-0.34424518259164605,-0.23003976875991908,0.2095630889538322,-0.102369908034162,0.016803750360020357,-0.05527994005368821,0.14816021903497326,0.5522223387280313
COL,-0.9615798975275577,0.21115324000446975,-0.37038489058923774,0.13367134467841588,-0.9048822921887789,-0.04737344527788815,0.3966860977563732,-0.0035801790806921177,-0.19807842785681573,-0.19984480314424038,0.5348098126852315,-0.040991109121836754,-0.05588598833067678,0.0,-0.31782630855261385,0.09963482947907194,0.34509816065948273,-0.5567941809742525,-0.08735647778660392,-0.32319293058148335,-0.42269186018007704,0.13834879701914363,-0.7471289216754543,-0.5137750935659464,-0.29371507400283686,-0.060386121458755944,0.3716284393464593,-0.16872579812133903,0.1741065623876861
DOO,-0.6546279178915554,0.4669868821541392,-0.6763766715430889,0.27688875138722446,-0.9389774182619423,0.3029908511710353,1.4446891349098847,0.5896461314984025,0.3394530626104235,0.33606441349626753,0.6490680240190579,1.009315326105858,1.0157166549588206,0.0,-0.26155532894571143,-0.025511910841397627,0.6613822804886551,0.13752647503434007,-0.5659988399810428,0.16469904995937337,-0.19555238683269816,-0.7922597368844881,0.5922388322665785,-0.3583443121962581,-0.34521706780114436,-0.17882514589045595,-0.22091372040792512,0.9402970970957396,0.026445545349728455
GAS,-0.0955030401540889,0.04214553559414214,0.4670302876305154,-0.4358126399410029,0.09377471205822104,0.07013438000774497,0.3243028096388862,-0.00425735140841418,0.33210449924289775,0.3273460338715909,0.1737797888272443,0.109547862692864,0.4342711399910757,0.0,-0.10305487497796668,0.08049431140239442,0.0927761928615079,-0.09121616173304103,0.13897966166421563,0.09780807196517849,-0.1682919245259228,-0.3675127974991527,-0.13370183263447877,0.09443326929714661,-0.17549107163101954,-0.22637731909647793,-0.30183967801877654,-0.24526573330172907,-0.319783332216028
HAD,0.24300281285693287,-0.11210779759342195,0.615265110411212,-0.5938891376592357,-0.5187936120347795,-0.33963157579870634,-0.39138663791314304,0.17457759005433982,-0.06708243221254725,-0.06322096825344867,0.15419075037599686,0.1332106848334865,-0.32704461893180803,0.0,0.39033385045912883,0.31199041072766687,-0.02351750665840239,-0.20771711292354234,0.33500387261725295,-0.08655223678783827,-0.013164714109212616,-0.038042594824993094,0.2013358559702042,0.2949307496700354,0.22184579585955197,-0.15220450526937493,-0.4658183391607614,-0.40088597720491803,-0.34003458097289596
HAM,0.16324835641698057,0.11556588968882424,1.0893182756727395,1.2167266613251675,0.32008967780340186,-0.23879161164997778,-0.04551754906082286,0.5246789197436417,-0.07887361583289361,-0.08515991507403137,0.09419295063946549,-0.5633345291640491,-0.4571862675841225,0.0,0.1218503494213006,0.1665700420003509,-0.32703041185837284,-0.1673277492657764,-0.0324230351287266,0.15213482535387704,-0.3654943625634021,0.033810494597834966,-0.3273563302114835,0.3054032228171952,0.005903044999272273,0.08589741826093523,0.6577370531480167,1.164833147901027,0.675162589996865
HUL,-0.20814746336745404,0.18695718033297423,0.09085212188303875,-0.1542651827939926,0.34530641369170784,0.08605322504141659,-0.3386828727424282,0.07648681239904691,-0.1961904499405885,-0.20578175663895004,-0.35417389099570573,0.12409618306743538,-0.16619258877629642,0.0,-0.2506468343224167,-0.29325832566831733,0.18833206119547247,-0.1003355492617834,-0.4908658766675027,-0.41403889469809824,-0.37136856763785503,-0.07394763866679473,0.19449217003493888,-0.06302014100944679,0.08535090198671154,0.12697681895824695,0.18205653977842798,-0.3499049240362428,-0.14296173258802716
LAW,-0.08984974107976756,-0.3467020474758442,0.6077226956708822,-0.5217650123781444,-0.5455477482586569,0.1449129642875527,-0.40941237966177163,-0.42456203830316874,-0.41639023614054355,-0.422202615798616,-0.2655129009062791,-0.07093630873817043,0.30324591269047535,0.0,0.026521598441883204,-0.18194567852555932,0.07178002814402089,-0.008091578860984418,0.12544294381627383,-0.04747738904979806,-0.02737572498211589,-0.1886468618939395,-0.06447630864365643,-0.5344061171874162,0.40948602150692176,-0.05946525090180963,-0.46065248945053705,-0.2668102246267925,-0.2324668389490547
LEC,0.39123243366454635,0.19852925016256975,0.7658394395099433,0.1358216158672746,0.2589066870784084,-0.40126185856533797,-1.1077385566361189,0.569661771331797,0.3270351616309008,0.32749707704220704,-0.39112011282619585,-0.7406295783476322,-0.3279183795192276,0.0,-0.08434970302988848,0.12426566694085313,-0.14835804778988207,0.11657802727947393,0.21225722542715905,0.29322913714297444,0.22210716718282844,0.027579905945556583,0.04227336062628464,0.346036538369435,0.3580497980998074,0.38205560727154086,0.09788316653417839,0.12546510959839616,0.08615361626893535
NOR,0.9501282044686917,-0.4587192519765922,-0.8720216877488363,-0.9933317422294011,0.2180362968356804,0.11425445370401087,-0.034049107677459924,0.020803026549471724,0.7164375009504215,0.7100951964616672,-0.30196777034527705,0.13337697229989154,0.290805956012457,0.0,-0.11954890449527138,-0.12967214607458316,-0.49562210031431025,0.3156231886738408,0.31867994798873706,0.3174434227900927,0.5280824438037358,0.6034681980052504,0.22378570567648023,0.8316383852938759,0.16292958028777788,0.4017571289670829,-0.4741827656833227,-0.7650162454866369,-0.8187225254492608
OCO,-0.57395938051055,-0.20247497299131098,0.05037850149071224,1.417483847425023,-0.7614420801144611,0.5430528032898987,0.9300816227828297,-0.2116535086301836,-0.06239059328219964,-0.015505278368182619,0.25116170603945925,0.43940368504850974,0.5796032514216543,0.0,-0.19362986253819936,0.04846358769715685,0.5269172629396999,-0.14217111654878392,-0.24578805748759333,-0.5802470251357895,-0.3341294540095395,-0.15991871686745077,-0.2766427448093431,-0.3883653097350561,-0.11058732049906012,-0.13852772790445744,0.6516609947543158,1.084220048388696,0.9087256397264055
PIA,1.1272438426083755,-0.7235952313005134,-0.6770339501063521,-1.0036955751132932,0.10633841749136548,0.08091519941735313,-0.12266471618463827,-0.38619103710352426,0.5623431292012342,0.557294614903984,-0.3230664994476873,0.13132827503684366,0.324650831867782,0.0,-0.18075686817104972,-0.27573601145502913,-0.955904834017355,0.37609135443789654,0.532882881060224,0.6243130769900075,0.3739302687825756,0.599917459275357,0.3654606747102256,0.28023862778514946,0.4995124263570319,0.44188583185710445,-0.7390100930621877,-0.6789536065935021,-0.7070353825492578
RUS,0.42678801410156414,0.27773398145875033,0.24412771669497715,-0.3411938371402852,1.1992167215279452,-0.6036817135784652,-0.2711093379078589,0.32133074573051196,0.09654022534723368,0.0907099885789857,0.27052334174121867,-0.2539410079602871,-0.16973716953934412,0.0,0.6427763679043321,0.1455212133888969,-0.9236375108053383,0.23388563339252585,0.25027239400980766,0.09971013185899584,0.32784297954845465,0.0724751971961574,0.10044200622166098,0.011425212063326182,-0.15771466330686845,0.3427089915535784,0.02813167912349862,-0.48341581245695164,-0.29734772461380954
SAI,-0.17535824945029832,0.05580341000867023,-0.1639677301708348,0.6856879463290667,-0.786101706136734,0.12482286845864053,0.12610747999851982,0.06997562718072008,-0.11299308423414921,-0.12156512650080974,-0.08789356659476512,-0.03423752852200986,-0.1675922062408288,0.0,0.049800090147474746,-0.1360243477835263,0.05227698524281119,-0.11075134629561272,0.1706443476096101,-0.22242761641239917,0.08480273393653233,0.3103490334834825,-0.0578626707263604,-0.2686515226100448,0.24784625975087027,-0.07840531761549499,0.4449704573391969,0.5007682163009094,0.3793824483311385
STR,-0.8767721747653902,0.06442435292085398,-0.5553713676364352,-0.18790327441178423,-0.14732006706077222,0.395798102253673,0.4241378158978861,-0.5038567523406843,-0.5115261981790562,-0.5135804702334366,0.014184543660762558,0.25108307041221595,0.207559199810585,0.0,-0.12028378317505109,0.073779330112487,0.45825333379741273,0.00718105491994836,-0.6905712253031258,-0.5026346307221384,0.5993268913777908,-0.4544647899538399,0.17466471658545604,-0.6633751446479973,-0.8848854537713499,-0.7688562377958631,-0.06385909458865573,-0.14631111211191797,0.007455802443950037
TSU,-0.25196435141509965,0.18913318094783893,-0.3264861249552706,-0.6983771917926067,-0.6988620126127256,0.08043215759220926,-0.22065036986086786,-0.40027775094953133,-0.49648852533131776,-0.49648872532885235,-0.18911612588700097,-0.14626621218612085,-0.06923451175209866,0.0,0.16707361497824863,0.39227640440060396,0.4104274683146033,-0.20591088619498393,-0.051068058858832276,-0.25786236886529157,0.09629525677208103,-0.09736288692215773,-0.05719203880694579,-0.07605328242398456,-0.04382671723215193,-0.01677068515811887,-0.23908968618551682,-0.6467389373549259,-0.42309231821389853
VER,0.6130720178460017,0.5697388839406979,-0.039130818164971444,-0.2891376729183787,-0.12690300788123923,0.18661135050079347,-0.11195316740069272,-0.12248520416513116,0.16167910118718792,0.15295641115836664,-0.32630045202639596,0.13615075227625134,0.020971018135743785,0.0,0.12864448509479867,-0.05054995553701254,-0.6163798499619396,0.39140452457602026,0.22171601482404565,0.6092954165362908,0.4396667211401297,0.31032416514473754,0.2597998564648298,0.278403791915498,0.43422140959235594,0.20065686391614887,-0.19119098311932495,-0.04411673337015456,-0.32780381622442556
